PM#1,Pressure Overdrive,2018,pc
PM#2,Dynasty Feud,2018,console pc
PM#3,Offworld Trading Company,2016,pc
PM#4,Red Skies,2016,mobile
PM#5,Republique,2016,console mobile pc
PM#6,Warhammer: End Times,2016,console pc
PM#7,"Slow Down, Bull",2015,mobile pc
PM#8,Lost Within,2015,mobile
PM#9,Lords of the Fallen,2015,console pc
PM#10,Never Alone,2015,console mobile pc
PM#11,Swing racers,2015,mobile
PM#12,Tropico 5,2014,console pc
PM#13,Guacamelee,2013,console pc
PM#14,Sins of a Solar Empire: Rebellion,2012,pc
PM#15,The Binding of Isaac,2012,pc
PM#16,Frozen Synapse,2012,mobile pc
PM#17,Caseys Contraptions,2011,mobile
PM#18,Super Meat Boy,2011,console pc
PM#19,A Reckless Disregard for Gravity,2010,pc
PM#20,Skittleball,2010,mobile
PM#21,A Boy and His Blob,2010,console mobile pc
PM#22,Trine,2010,console pc
PM#23,A Kingdom for Keflings,2009,console pc
PM#24,Top Gun,2009,mobile
PM#25,Bioshock,2008,console mobile pc
PM#26,TimeShift,2008,console pc
PM#27,Sins of a Solar Empire,2008,pc
PM#28,RoboBlitz,2006,console pc
PM#29,FishEd,2006,pc
PM#30,Galactic Civilizations 2: Dread L.,2006,pc
PM#31,Oasis,2005,mobile pc
PM#32,Project Gotham Racing 3,2005,console
PM#33,The Suffering,2004,console pc
PM#34,The Political Machine,2004,pc
PM#35,Star Chamber,2003,pc
PM#36,Jurassic Park: Operation Genesis,2003,console pc
PM#37,Wireless Pets,2002,pc
PM#38,Baldurs Gate II,2001,pc
PM#39,Trade Empires,2001,pc
PM#40,Operation Flashpoint Cold War C.,2001,pc
PM#41,Fallout Tactics,2001,pc
PM#42,Diablo II,2000,pc
PM#43,Resident Evil 2 (N64),2000,console
PM#44,Rainbow Six,2000,pc
PM#45,Age of Empires II: Age of Kings,2000,console pc
PM#46,Fireteam,1999,pc
PM#47,Drakan: Order of the Flame,1999,pc
PM#48,Heretic II,1999,pc
PM#49,System Shock 2,1999,pc
PM#50,Dark Sun Online,1997,pc
